[
  { "code": "EE" },
  { "code": "NL" },
  { "code": "SK" },
  { "code": "BG" },
  { "code": "AU" },
  { "code": "CH" },
  { "code": "CZ" },
  { "code": "PL" },
  { "code": "CL" },
  { "code": "BE" },
  { "code": "AT" },
  { "code": "HK" },
  { "code": "NZ" },
  { "code": "HU" },
  { "code": "GB" },
  { "code": "ES" },
  { "code": "NO" },
  { "code": "BR" },
  { "code": "SG" },
  { "code": "ZA" },
  { "code": "CO" },
  { "code": "IE" },
  { "code": "LI" },
  { "code": "GR" },
  { "code": "DK" },
  { "code": "TH" },
  { "code": "DE" },
  { "code": "CN" },
  { "code": "MX" },
  { "code": "US" },
  { "code": "MT" },
  { "code": "RO" },
  { "code": "IT" },
  { "code": "LT" },
  { "code": "CY" },
  { "code": "SI" },
  { "code": "PT" },
  { "code": "FI" },
  { "code": "TR" },
  { "code": "HR" },
  { "code": "FR" },
  { "code": "LV" },
  { "code": "CA" },
  { "code": "MC" },
  { "code": "LU" },
  { "code": "MY" },
  { "code": "SE" }
]
