{
  "env": {
    "browser": true,
    "es2021": true,
    "jest": true
  },
  "ignorePatterns": [
    "public/*",
    "*.config.ts",
    "*.config.js",
    "jest/*",
    "*.mdx",
    "*.md"
  ],
  "extends": [
    "plugin:react/recommended",
    "airbnb",
    "airbnb-typescript",
    "plugin:import/recommended",
    "plugin:import/typescript",
    "plugin:typescript-sort-keys/recommended",
    "prettier",
    "plugin:storybook/recommended"
  ],
  "parser": "@typescript-eslint/parser",
  "parserOptions": {
    "ecmaFeatures": {
      "jsx": true
    },
    "ecmaVersion": "latest",
    "sourceType": "module",
    "project": "./tsconfig.json"
  },
  "plugins": [
    "@typescript-eslint",
    "react",
    "react-hooks",
    "prettier",
    "typescript-sort-keys",
    "sort-destructure-keys"
  ],
  "settings": {
    "import/resolver": {
      "typescript": {
        "paths": "./tsconfig.json",
        "alwaysTryTypes": true
      }
    }
  },
  "rules": {
    "curly": "error",
    "@typescript-eslint/sort-type-constituents": "warn",
    "@typescript-eslint/naming-convention": "off",
    "prettier/prettier": "warn",
    "typescript-sort-keys/interface": "off",
    "react-hooks/rules-of-hooks": "error",
    "react-hooks/exhaustive-deps": "error",
    "react/destructuring-assignment": "off",
    "react/react-in-jsx-scope": "off",
    "react/require-default-props": "off",
    "react/function-component-definition": "off",
    "react/jsx-props-no-spreading": "off",
    "react/jsx-sort-props": [
      "warn",
      {
        "callbacksLast": true,
        "shorthandFirst": true,
        "multiline": "last"
      }
    ],
    "react/no-unknown-property": [
      "error",
      {
        "ignore": [
          "css"
        ]
      }
    ],
    "sort-destructure-keys/sort-destructure-keys": "warn",
    "no-nested-ternary": "off",
    "import/order": [
      "warn",
      {
        "groups": [
          "builtin",
          "external",
          "internal",
          "parent",
          "sibling",
          "index",
          "object",
          "type"
        ],
        "pathGroups": [
          {
            "pattern": "react",
            "group": "external",
            "position": "before"
          },
          {
            "pattern": "components/*",
            "group": "internal",
            "position": "before"
          },
          {
            "pattern": "hooks/*",
            "group": "internal",
            "position": "before"
          },
          {
            "pattern": "themes/*",
            "group": "internal",
            "position": "before"
          },
          {
            "pattern": "utils/*",
            "group": "internal",
            "position": "before"
          }
        ],
        "pathGroupsExcludedImportTypes": [
          "react"
        ]
      }
    ],
    "import/prefer-default-export": "off",
    "import/no-extraneous-dependencies": [
      "error",
      {
        "devDependencies": [
          "**/*.test.ts",
          "**/*.test.tsx",
          "**/*stories.tsx",
          "src/utils/test-utils/*",
          "src/utils/storybook/*"
        ]
      }
    ]
  }
}
